name,grade,steepness
Cracking View,4,other
An Expected Journey,5,other
Preciousss,5,other
Misty Mountain,3,other
Mines of Moria,6a,other
Mr Baggins,6a,other
Pippin,3,other
Azog the Defiler,6a+,other
Troll's Head,4+,other
Devon's Best Face,3+,other
Crackin Slab,5,other
Slabin Crack,5,other
Coolantine,6a,other
Cranjenbert,5,other
Absent Friend,6b+,other
Spliff,6b,other
A Dream of White Ponies,6a+,other
Pony Arête,5,other
Barney's Arete,5,other
Pink Pony Club,6b,other
The Triangle,4,other
Oval's Slab,4+,other
"Crypsis, Left Variant",6a,other
"Crypsis, Stand",5+,other
Crypsis,6c,other
Crapsis,5+,other
Left Arête,3+,other
Tim the Enchanter,6b,other
Enchanted Arête,7a+,other
Disenchanted,6b+,other
Frogon,6b,other
Jogon,7a,other
Jogon Right-hand,6c,other
Schmogon,7b+,other
AWOL,4+,other
Escapable Slab,5+,other
Right to Roam,8a,other
"Tutsi, Direct Start",7a,other
Tutsi,7a+,other
BoBo,5+,other
Low Hanging Fruit,8a,other
Hanging Fruit,7b,other
Hutu,4,other
Crying in the Shower,6c,other
Teardrop,8a,other
Moon Wank,7a+,other
Moon Walk,7b+,other
Juggy Lip Traverse,4,other
Ben's Slab Direct,5+,other
Ben's Slab,5,other
Ninety Nine / Slow Show,3+,other
Left Feature,3+,other
Featureless,6c,other
Don't Tell My Surgeon,6b,other
The Pentagon,4+,other
Oval Office,5,other
Trump Tower,5+,other
Widening Chimney,3+,other
Wide Crack,3+,other
Trumpeter,4,other
OTF,4,other
OTT,7a,other
Not Cricket,4+,other
Gunni Flyer,6a,other
Breakaway,4,other
Bristol 7B,6c,other
Warped Wall,5+,other
Winterbourne Blues,5+,other
Holwell Hug,6a,other
Sloper Groper,6a+,other
Phil,5+,other
Over My Head,6b,other
Over Your Head,6b,other
Granite Gecko,6c+,other
The Last Dab,6b+,other
That's Entertainment,5+,other
Gulf of Holwell,5,other
Straits of Holwell,6b,other
Warspite,6b,other
Flayed Finger,6b+,other
Albatross,6c,other
Last Bite of the Seventh Banana,6c,other
Slimy Green Banana,6a,other
Raspberry Ripple,5,other
Reece's Pet Alligator,5,other
Tinpot Despot,3+,other
Party on Down(ing Street),4,other
"Liar, Liar, Boris on Fire",6a,other
Vomit and Altercations,5,other
Vomit and Altercations Low Start,6b,other
'We Got Away With It',6a,other
Go Get Him Dom,3+,other
